{
    "version": 8,
    "name": "Go Beavs Map (Lab 4)",
    "metadata": {
        "mapbox:origin": "basic-template",
        "mapbox:autocomposite": true,
        "mapbox:type": "template",
        "mapbox:sdk-support": {
            "js": "0.50.0",
            "android": "6.7.0",
            "ios": "4.6.0"
        },
        "mapbox:trackposition": true
    },
    "center": [-123.2713125711416, 44.565590580753764],
    "zoom": 13.920316512312388,
    "bearing": 0,
    "pitch": 0.5,
    "sources": {
        "composite": {
            "url": "mapbox://mapbox.mapbox-streets-v8",
            "type": "vector"
        }
    },
    "sprite": "mapbox://sprites/uncledave/cjsz101780r711gucqrzeo5b9",
    "glyphs": "mapbox://fonts/uncledave/{fontstack}/{range}.pbf",
    "layers": [
        {
            "id": "background",
            "type": "background",
            "layout": {},
            "paint": {
                "background-color": [
                    "interpolate",
                    ["linear"],
                    ["zoom"],
                    6,
                    "#ffffff",
                    12,
                    "hsl(229, 11%, 99%)"
                ]
            }
        },
        {
            "id": "national_park",
            "type": "fill",
            "source": "composite",
            "source-layer": "landuse_overlay",
            "minzoom": 5,
            "filter": ["==", ["get", "class"], "national_park"],
            "layout": {},
            "paint": {
                "fill-color": "#e8f5ee",
                "fill-opacity": [
                    "interpolate",
                    ["linear"],
                    ["zoom"],
                    5,
                    0,
                    6,
                    0.5
                ]
            }
        },
        {
            "id": "landuse",
            "type": "fill",
            "source": "composite",
            "source-layer": "landuse",
            "minzoom": 5,
            "filter": [
                "match",
                ["get", "class"],
                ["airport", "hospital", "park", "pitch", "school"],
                true,
                false
            ],
            "layout": {},
            "paint": {
                "fill-color": "#e8f5ee",
                "fill-opacity": [
                    "interpolate",
                    ["linear"],
                    ["zoom"],
                    5,
                    0,
                    6,
                    1
                ]
            }
        },
        {
            "id": "waterway",
            "type": "line",
            "source": "composite",
            "source-layer": "waterway",
            "minzoom": 8,
            "filter": [
                "all",
                ["==", ["geometry-type"], "LineString"],
                ["match", ["get", "class"], ["canal", "river"], true, false]
            ],
            "layout": {"line-join": "round", "line-cap": "round"},
            "paint": {
                "line-color": "hsl(205, 76%, 70%)",
                "line-width": [
                    "interpolate",
                    ["exponential", 1.3],
                    ["zoom"],
                    8.5,
                    0.1,
                    20,
                    8
                ],
                "line-opacity": [
                    "interpolate",
                    ["linear"],
                    ["zoom"],
                    8,
                    0,
                    8.5,
                    1
                ]
            }
        },
        {
            "id": "water",
            "type": "fill",
            "source": "composite",
            "source-layer": "water",
            "filter": ["all"],
            "layout": {},
            "paint": {"fill-color": "hsl(241, 100%, 42%)"}
        },
        {
            "id": "aeroway-polygon",
            "type": "fill",
            "source": "composite",
            "source-layer": "aeroway",
            "minzoom": 10,
            "filter": [
                "all",
                ["==", ["geometry-type"], "Polygon"],
                [
                    "match",
                    ["get", "type"],
                    ["helipad", "runway", "taxiway"],
                    true,
                    false
                ]
            ],
            "layout": {},
            "paint": {"fill-color": "hsl(0, 0%, 77%)"}
        },
        {
            "id": "aeroway-line",
            "type": "line",
            "source": "composite",
            "source-layer": "aeroway",
            "minzoom": 9,
            "filter": [
                "all",
                ["==", ["geometry-type"], "LineString"],
                ["match", ["get", "type"], ["runway", "taxiway"], true, false]
            ],
            "layout": {},
            "paint": {
                "line-width": [
                    "interpolate",
                    ["exponential", 1.5],
                    ["zoom"],
                    10,
                    0.5,
                    18,
                    20
                ],
                "line-color": "hsl(0, 0%, 77%)"
            }
        },
        {
            "id": "building",
            "type": "fill",
            "source": "composite",
            "source-layer": "building",
            "minzoom": 15,
            "filter": [
                "all",
                ["!=", ["get", "type"], "building:part"],
                ["==", ["get", "underground"], "false"]
            ],
            "layout": {},
            "paint": {
                "fill-outline-color": [
                    "interpolate",
                    ["linear"],
                    ["zoom"],
                    15,
                    "hsl(0, 0%, 0%)",
                    22,
                    "#000000"
                ],
                "fill-opacity": [
                    "interpolate",
                    ["linear"],
                    ["zoom"],
                    10,
                    1,
                    17,
                    1
                ],
                "fill-color": [
                    "interpolate",
                    ["linear"],
                    ["zoom"],
                    6,
                    "#e05e00",
                    12,
                    "#e05e00"
                ]
            }
        },
        {
            "id": "pedestrian-path",
            "type": "line",
            "source": "composite",
            "source-layer": "road",
            "minzoom": 14,
            "filter": [
                "all",
                ["==", ["geometry-type"], "LineString"],
                ["!=", ["get", "type"], "platform"],
                ["match", ["get", "class"], ["path", "pedestrian"], true, false]
            ],
            "layout": {"line-join": "round", "line-cap": "round"},
            "paint": {
                "line-width": [
                    "interpolate",
                    ["exponential", 1.5],
                    ["zoom"],
                    14,
                    ["match", ["get", "class"], "pedestrian", 1, 0.75],
                    20,
                    ["match", ["get", "class"], "pedestrian", 8, 5]
                ],
                "line-color": [
                    "match",
                    ["get", "type"],
                    ["crossing", "sidewalk"],
                    "hsl(38, 35%, 80%)",
                    "hsl(38, 28%, 70%)"
                ]
            }
        },
        {
            "id": "tunnel",
            "type": "line",
            "source": "composite",
            "source-layer": "road",
            "minzoom": 13,
            "filter": [
                "all",
                ["==", ["geometry-type"], "LineString"],
                ["!=", ["get", "type"], "service:parking_aisle"],
                ["==", ["get", "structure"], "tunnel"],
                [
                    "match",
                    ["get", "class"],
                    [
                        "motorway",
                        "motorway_link",
                        "trunk",
                        "trunk_link",
                        "primary",
                        "primary_link",
                        "secondary",
                        "secondary_link",
                        "tertiary",
                        "tertiary_link",
                        "street",
                        "street_limited",
                        "service",
                        "track"
                    ],
                    true,
                    false
                ]
            ],
            "layout": {"line-join": "round"},
            "paint": {
                "line-width": [
                    "interpolate",
                    ["exponential", 1.5],
                    ["zoom"],
                    5,
                    [
                        "match",
                        ["get", "class"],
                        ["motorway", "trunk", "primary"],
                        0.5,
                        "tertiary",
                        0.01,
                        0
                    ],
                    12,
                    [
                        "match",
                        ["get", "class"],
                        ["motorway", "trunk", "primary"],
                        3,
                        ["secondary", "tertiary"],
                        2,
                        [
                            "motorway_link",
                            "trunk_link",
                            "street",
                            "street_limited"
                        ],
                        0.5,
                        0
                    ],
                    18,
                    [
                        "match",
                        ["get", "class"],
                        ["motorway", "trunk", "primary"],
                        30,
                        ["secondary", "tertiary"],
                        24,
                        [
                            "motorway_link",
                            "trunk_link",
                            "street",
                            "street_limited"
                        ],
                        12,
                        10
                    ]
                ],
                "line-color": [
                    "match",
                    ["get", "class"],
                    [
                        "primary_link",
                        "secondary_link",
                        "tertiary_link",
                        "street",
                        "street_limited",
                        "service",
                        "track"
                    ],
                    "hsl(38, 100%, 98%)",
                    "hsl(0, 0%, 100%)"
                ],
                "line-dasharray": [0.2, 0.2]
            }
        },
        {
            "id": "road",
            "type": "line",
            "source": "composite",
            "source-layer": "road",
            "minzoom": 5,
            "filter": [
                "all",
                ["==", ["geometry-type"], "LineString"],
                ["!=", ["get", "type"], "service:parking_aisle"],
                [
                    "match",
                    ["get", "structure"],
                    ["bridge", "tunnel"],
                    false,
                    true
                ],
                [
                    "match",
                    ["get", "class"],
                    [
                        "motorway",
                        "motorway_link",
                        "trunk",
                        "trunk_link",
                        "primary",
                        "primary_link",
                        "secondary",
                        "secondary_link",
                        "tertiary",
                        "tertiary_link",
                        "street",
                        "street_limited",
                        "service",
                        "track"
                    ],
                    true,
                    false
                ]
            ],
            "layout": {"line-join": "round", "line-cap": "round"},
            "paint": {
                "line-width": [
                    "interpolate",
                    ["exponential", 1.5],
                    ["zoom"],
                    5,
                    [
                        "match",
                        ["get", "class"],
                        ["motorway", "trunk", "primary"],
                        0.5,
                        "tertiary",
                        0.01,
                        0
                    ],
                    12,
                    [
                        "match",
                        ["get", "class"],
                        ["motorway", "trunk", "primary"],
                        3,
                        ["secondary", "tertiary"],
                        2,
                        [
                            "motorway_link",
                            "trunk_link",
                            "street",
                            "street_limited"
                        ],
                        0.5,
                        0
                    ],
                    18,
                    [
                        "match",
                        ["get", "class"],
                        ["motorway", "trunk", "primary"],
                        30,
                        ["secondary", "tertiary"],
                        24,
                        [
                            "motorway_link",
                            "trunk_link",
                            "street",
                            "street_limited"
                        ],
                        12,
                        10
                    ]
                ],
                "line-color": [
                    "match",
                    ["get", "class"],
                    [
                        "street",
                        "street_limited",
                        "service",
                        "track",
                        "secondary_link",
                        "tertiary_link",
                        "primary_link",
                        "trunk_link"
                    ],
                    "hsl(38, 100%, 0%)",
                    "hsl(0, 100%, 0%)"
                ]
            }
        },
        {
            "id": "bridge-case",
            "type": "line",
            "source": "composite",
            "source-layer": "road",
            "minzoom": 13,
            "filter": [
                "all",
                ["==", ["geometry-type"], "LineString"],
                ["!=", ["get", "type"], "service:parking_aisle"],
                ["==", ["get", "structure"], "bridge"],
                [
                    "match",
                    ["get", "class"],
                    [
                        "motorway",
                        "motorway_link",
                        "trunk",
                        "trunk_link",
                        "primary",
                        "primary_link",
                        "secondary",
                        "secondary_link",
                        "tertiary",
                        "tertiary_link",
                        "street",
                        "street_limited",
                        "service",
                        "track"
                    ],
                    true,
                    false
                ]
            ],
            "layout": {"line-join": "round"},
            "paint": {
                "line-width": [
                    "interpolate",
                    ["exponential", 1.5],
                    ["zoom"],
                    10,
                    1,
                    16,
                    2
                ],
                "line-color": "hsl(38, 48%, 86%)",
                "line-gap-width": [
                    "interpolate",
                    ["exponential", 1.5],
                    ["zoom"],
                    5,
                    [
                        "match",
                        ["get", "class"],
                        ["motorway", "trunk", "primary"],
                        0.5,
                        "tertiary",
                        0.01,
                        0
                    ],
                    12,
                    [
                        "match",
                        ["get", "class"],
                        ["motorway", "trunk", "primary"],
                        3,
                        ["secondary", "tertiary"],
                        2,
                        [
                            "motorway_link",
                            "trunk_link",
                            "street",
                            "street_limited"
                        ],
                        0.5,
                        0
                    ],
                    18,
                    [
                        "match",
                        ["get", "class"],
                        ["motorway", "trunk", "primary"],
                        30,
                        ["secondary", "tertiary"],
                        24,
                        [
                            "motorway_link",
                            "trunk_link",
                            "street",
                            "street_limited"
                        ],
                        12,
                        10
                    ]
                ]
            }
        },
        {
            "id": "bridge",
            "type": "line",
            "source": "composite",
            "source-layer": "road",
            "minzoom": 13,
            "filter": [
                "all",
                ["==", ["geometry-type"], "LineString"],
                ["!=", ["get", "type"], "service:parking_aisle"],
                ["==", ["get", "structure"], "bridge"],
                [
                    "match",
                    ["get", "class"],
                    [
                        "motorway",
                        "motorway_link",
                        "trunk",
                        "trunk_link",
                        "primary",
                        "primary_link",
                        "secondary",
                        "secondary_link",
                        "tertiary",
                        "tertiary_link",
                        "service",
                        "street",
                        "street_limited",
                        "track"
                    ],
                    true,
                    false
                ]
            ],
            "layout": {"line-join": "round", "line-cap": "round"},
            "paint": {
                "line-width": [
                    "interpolate",
                    ["exponential", 1.5],
                    ["zoom"],
                    5,
                    [
                        "match",
                        ["get", "class"],
                        ["motorway", "trunk", "primary"],
                        0.5,
                        "tertiary",
                        0.01,
                        0
                    ],
                    12,
                    [
                        "match",
                        ["get", "class"],
                        ["motorway", "trunk", "primary"],
                        3,
                        ["secondary", "tertiary"],
                        2,
                        [
                            "motorway_link",
                            "trunk_link",
                            "street",
                            "street_limited"
                        ],
                        0.5,
                        0
                    ],
                    18,
                    [
                        "match",
                        ["get", "class"],
                        ["motorway", "trunk", "primary"],
                        30,
                        ["secondary", "tertiary"],
                        24,
                        [
                            "motorway_link",
                            "trunk_link",
                            "street",
                            "street_limited"
                        ],
                        12,
                        10
                    ]
                ],
                "line-color": [
                    "match",
                    ["get", "class"],
                    [
                        "primary_link",
                        "secondary_link",
                        "tertiary_link",
                        "street",
                        "street_limited",
                        "service",
                        "track"
                    ],
                    "hsl(38, 100%, 98%)",
                    "hsl(0, 0%, 100%)"
                ]
            }
        },
        {
            "id": "admin-state-province",
            "type": "line",
            "source": "composite",
            "source-layer": "admin",
            "minzoom": 2,
            "filter": [
                "all",
                ["==", ["get", "admin_level"], 1],
                ["==", ["get", "disputed"], "false"],
                ["==", ["get", "maritime"], "false"],
                ["match", ["get", "worldview"], ["US", "all"], true, false]
            ],
            "layout": {"line-join": "round", "line-cap": "round"},
            "paint": {
                "line-dasharray": [
                    "step",
                    ["zoom"],
                    ["literal", [2, 0]],
                    7,
                    ["literal", [2, 2, 6, 2]]
                ],
                "line-width": [
                    "interpolate",
                    ["linear"],
                    ["zoom"],
                    7,
                    0.75,
                    12,
                    1.5
                ],
                "line-opacity": [
                    "interpolate",
                    ["linear"],
                    ["zoom"],
                    2,
                    0,
                    3,
                    1
                ],
                "line-color": [
                    "step",
                    ["zoom"],
                    "hsl(0, 0%, 80%)",
                    4,
                    "hsl(0, 0%, 65%)"
                ]
            }
        },
        {
            "id": "admin-country",
            "type": "line",
            "source": "composite",
            "source-layer": "admin",
            "minzoom": 1,
            "filter": [
                "all",
                ["==", ["get", "admin_level"], 0],
                ["==", ["get", "disputed"], "false"],
                ["==", ["get", "maritime"], "false"],
                ["match", ["get", "worldview"], ["US", "all"], true, false]
            ],
            "layout": {"line-join": "round", "line-cap": "round"},
            "paint": {
                "line-color": "hsl(0, 0%, 50%)",
                "line-width": [
                    "interpolate",
                    ["linear"],
                    ["zoom"],
                    3,
                    0.5,
                    10,
                    2
                ]
            }
        },
        {
            "id": "admin-country-disputed",
            "type": "line",
            "source": "composite",
            "source-layer": "admin",
            "minzoom": 1,
            "filter": [
                "all",
                ["==", ["get", "admin_level"], 0],
                ["==", ["get", "disputed"], "true"],
                ["==", ["get", "maritime"], "false"],
                ["match", ["get", "worldview"], ["US", "all"], true, false]
            ],
            "layout": {"line-join": "round"},
            "paint": {
                "line-color": "hsl(0, 0%, 50%)",
                "line-width": [
                    "interpolate",
                    ["linear"],
                    ["zoom"],
                    3,
                    0.5,
                    10,
                    2
                ],
                "line-dasharray": [1.5, 1.5]
            }
        },
        {
            "id": "road-label",
            "type": "symbol",
            "source": "composite",
            "source-layer": "road",
            "minzoom": 12,
            "filter": [
                "match",
                ["get", "class"],
                [
                    "motorway",
                    "trunk",
                    "primary",
                    "secondary",
                    "tertiary",
                    "street",
                    "street_limited",
                    "pedestrian"
                ],
                true,
                false
            ],
            "layout": {
                "text-field": ["coalesce", ["get", "name_en"], ["get", "name"]],
                "text-size": [
                    "interpolate",
                    ["linear"],
                    ["zoom"],
                    9,
                    [
                        "match",
                        ["get", "class"],
                        [
                            "motorway",
                            "trunk",
                            "primary",
                            "secondary",
                            "tertiary"
                        ],
                        10,
                        9
                    ],
                    20,
                    [
                        "match",
                        ["get", "class"],
                        [
                            "motorway",
                            "trunk",
                            "primary",
                            "secondary",
                            "tertiary"
                        ],
                        15,
                        14
                    ]
                ],
                "text-max-angle": 30,
                "text-font": ["Roboto Regular", "Arial Unicode MS Regular"],
                "symbol-placement": "line",
                "text-padding": 1,
                "text-rotation-alignment": "map",
                "text-pitch-alignment": "viewport"
            },
            "paint": {
                "text-color": "#e05e00",
                "text-halo-color": "#ffffff",
                "text-halo-width": 1
            }
        },
        {
            "id": "poi-label",
            "type": "symbol",
            "source": "composite",
            "source-layer": "poi_label",
            "minzoom": 6,
            "filter": ["<=", ["get", "filterrank"], 3],
            "layout": {
                "text-line-height": 1.1,
                "text-size": [
                    "interpolate",
                    ["linear"],
                    ["zoom"],
                    10,
                    11,
                    18,
                    13
                ],
                "icon-image": ["concat", ["get", "maki"], "-11"],
                "text-max-angle": 38,
                "text-font": ["Roboto Regular", "Arial Unicode MS Regular"],
                "text-padding": 2,
                "text-offset": [0, 0.75],
                "text-anchor": "top",
                "text-field": ["coalesce", ["get", "name_en"], ["get", "name"]],
                "text-max-width": 8
            },
            "paint": {
                "text-color": "#aab7ef",
                "text-halo-color": "hsla(0, 0%, 100%, 0.75)",
                "text-halo-width": 1,
                "text-halo-blur": 0.5
            }
        },
        {
            "id": "airport-label",
            "type": "symbol",
            "source": "composite",
            "source-layer": "airport_label",
            "minzoom": 8,
            "filter": ["all"],
            "layout": {
                "text-line-height": 1.1,
                "text-size": [
                    "interpolate",
                    ["linear"],
                    ["zoom"],
                    10,
                    12,
                    18,
                    18
                ],
                "icon-image": [
                    "step",
                    ["zoom"],
                    ["concat", ["get", "maki"], "-11"],
                    13,
                    ["concat", ["get", "maki"], "-15"]
                ],
                "text-font": ["Roboto Regular", "Arial Unicode MS Regular"],
                "text-padding": 2,
                "text-offset": [0, 0.75],
                "text-anchor": "top",
                "text-field": [
                    "step",
                    ["zoom"],
                    ["get", "ref"],
                    14,
                    ["coalesce", ["get", "name_en"], ["get", "name"]]
                ],
                "text-max-width": 9
            },
            "paint": {
                "text-color": "#ffffff",
                "text-halo-color": "#273d56",
                "text-halo-width": 1
            }
        },
        {
            "id": "place-neighborhood-suburb-label",
            "type": "symbol",
            "source": "composite",
            "source-layer": "place_label",
            "minzoom": 11,
            "maxzoom": 15,
            "filter": [
                "all",
                ["<=", ["get", "filterrank"], 3],
                [
                    "match",
                    ["get", "type"],
                    ["suburb", "quarter", "neighbourhood"],
                    true,
                    false
                ]
            ],
            "layout": {
                "text-field": ["coalesce", ["get", "name_en"], ["get", "name"]],
                "text-transform": "uppercase",
                "text-letter-spacing": 0.15,
                "text-max-width": 8,
                "text-font": ["Roboto Regular", "Arial Unicode MS Regular"],
                "text-padding": 3,
                "text-size": [
                    "interpolate",
                    ["linear"],
                    ["zoom"],
                    12,
                    11,
                    16,
                    16
                ]
            },
            "paint": {
                "text-halo-color": "#ffffff",
                "text-halo-width": 1,
                "text-color": "#273d56"
            }
        },
        {
            "id": "place-town-village-hamlet-label",
            "type": "symbol",
            "source": "composite",
            "source-layer": "place_label",
            "minzoom": 6,
            "maxzoom": 14,
            "filter": [
                "all",
                [
                    "match",
                    ["get", "type"],
                    ["town", "village", "hamlet"],
                    true,
                    false
                ],
                ["<=", ["get", "filterrank"], 3]
            ],
            "layout": {
                "text-size": [
                    "interpolate",
                    ["linear"],
                    ["zoom"],
                    5,
                    ["match", ["get", "type"], "town", 9.5, 8],
                    16,
                    ["match", ["get", "type"], "town", 20, 16]
                ],
                "text-font": [
                    "step",
                    ["zoom"],
                    ["literal", ["Roboto Regular", "Arial Unicode MS Regular"]],
                    12,
                    [
                        "match",
                        ["get", "type"],
                        "town",
                        [
                            "literal",
                            ["Roboto Medium", "Arial Unicode MS Regular"]
                        ],
                        [
                            "literal",
                            ["Roboto Regular", "Arial Unicode MS Regular"]
                        ]
                    ]
                ],
                "text-max-width": 7,
                "text-field": ["coalesce", ["get", "name_en"], ["get", "name"]]
            },
            "paint": {
                "text-color": "#e05e00",
                "text-halo-blur": 0.5,
                "text-halo-color": "#ffffff",
                "text-halo-width": 1
            }
        },
        {
            "id": "place-city-label",
            "type": "symbol",
            "source": "composite",
            "source-layer": "place_label",
            "minzoom": 3,
            "maxzoom": 14,
            "filter": [
                "all",
                ["<=", ["get", "filterrank"], 3],
                ["==", ["get", "type"], "city"]
            ],
            "layout": {
                "text-size": [
                    "interpolate",
                    ["linear"],
                    ["zoom"],
                    3,
                    ["step", ["get", "symbolrank"], 12, 9, 11, 12, 10, 14, 6.5],
                    14,
                    ["step", ["get", "symbolrank"], 27, 9, 23, 10, 21, 12, 20]
                ],
                "text-font": [
                    "step",
                    ["zoom"],
                    ["literal", ["Roboto Medium", "Arial Unicode MS Regular"]],
                    10,
                    [
                        "step",
                        ["get", "symbolrank"],
                        ["literal", ["Roboto Bold", "Arial Unicode MS Bold"]],
                        5,
                        [
                            "literal",
                            ["Roboto Medium", "Arial Unicode MS Regular"]
                        ]
                    ]
                ],
                "text-max-width": 10,
                "text-field": ["coalesce", ["get", "name_en"], ["get", "name"]]
            },
            "paint": {
                "text-color": "#e05e00",
                "text-halo-blur": 0.5,
                "text-halo-color": "#ffffff",
                "text-halo-width": 1.25,
                "text-opacity": 1
            }
        },
        {
            "id": "state-label",
            "type": "symbol",
            "source": "composite",
            "source-layer": "place_label",
            "minzoom": 4,
            "maxzoom": 8,
            "filter": ["==", ["get", "type"], "state"],
            "layout": {
                "text-size": [
                    "interpolate",
                    ["linear"],
                    ["zoom"],
                    4,
                    9.5,
                    9,
                    18
                ],
                "text-transform": "uppercase",
                "text-font": ["Roboto Medium", "Arial Unicode MS Bold"],
                "text-padding": 1,
                "text-field": ["coalesce", ["get", "name_en"], ["get", "name"]],
                "text-letter-spacing": 0.2,
                "text-max-width": 6
            },
            "paint": {
                "text-color": "#e05e00",
                "text-halo-width": 1,
                "text-halo-color": "#ffffff"
            }
        },
        {
            "id": "country-label",
            "type": "symbol",
            "source": "composite",
            "source-layer": "place_label",
            "minzoom": 3,
            "maxzoom": 8,
            "filter": ["==", ["get", "type"], "country"],
            "layout": {
                "text-field": ["coalesce", ["get", "name_en"], ["get", "name"]],
                "text-max-width": [
                    "interpolate",
                    ["linear"],
                    ["zoom"],
                    0,
                    5,
                    3,
                    6
                ],
                "text-font": [
                    "step",
                    ["zoom"],
                    ["literal", ["Roboto Medium", "Arial Unicode MS Regular"]],
                    4,
                    ["literal", ["Roboto Bold", "Arial Unicode MS Bold"]]
                ],
                "text-size": [
                    "interpolate",
                    ["linear"],
                    ["zoom"],
                    1,
                    ["step", ["get", "symbolrank"], 12, 3, 10, 5, 9],
                    9,
                    ["step", ["get", "symbolrank"], 35, 3, 27, 5, 22]
                ]
            },
            "paint": {
                "text-halo-width": 1.5,
                "text-halo-color": "#314ccd",
                "text-color": "#ffffff"
            }
        }
    ],
    "created": "2019-03-07T19:30:21.127Z",
    "id": "cjsz101780r711gucqrzeo5b9",
    "modified": "2019-03-08T06:37:44.979Z",
    "owner": "uncledave",
    "visibility": "public",
    "draft": false
}